exp_init,exp_final,time_init,time_final,eps_final,path_len
418,796,0.00556822,0.0103042,1,7.69328
418,796,0.00541368,0.00988908,1,7.69328
418,796,0.00506418,0.00927846,1,7.69328
