exp_init,exp_final,time_init,time_final,eps_final,path_len
268,507,0.00349553,0.00635516,1,7.88703
268,507,0.00703176,0.0100386,1,7.88703
268,507,0.0046771,0.00763651,1,7.88703
