exp_init,exp_final,time_init,time_final,eps_final,path_len
179,349,0.00260535,0.00504356,1,7.51226
179,349,0.00270521,0.0051176,1,7.51226
179,349,0.00297328,0.00584837,1,7.51226
