exp_init,exp_final,time_init,time_final,eps_final,path_len
179,348,0.00230514,0.00447568,1,7.51226
179,348,0.00402062,0.00647172,1,7.51226
179,348,0.00238443,0.00454523,1,7.51226
