exp_init,exp_final,time_init,time_final,eps_final,path_len
269,515,0.00338081,0.00620252,1,7.88703
269,515,0.00324501,0.00611158,1,7.88703
269,515,0.00354225,0.006529,1,7.88703
