exp_init,exp_final,time_init,time_final,eps_final,path_len
316,620,0.00411334,0.00781058,1,7.4695
316,620,0.00497572,0.00880051,1,7.4695
316,620,0.00427558,0.00797499,1,7.4695
