exp_init,exp_final,time_init,time_final,eps_final,path_len
316,619,0.0035507,0.00707022,1,7.4695
316,619,0.00472623,0.00805189,1,7.4695
316,619,0.00575505,0.00911328,1,7.4695
