exp_init,exp_final,time_init,time_final,eps_final,path_len
419,806,0.00503597,0.00975805,1,7.69328
419,806,0.004784,0.00916355,1,7.69328
419,806,0.00504707,0.00943764,1,7.69328
