exp_init,exp_final,time_init,time_final,eps_final,path_len
257,257,0.00334805,0.00335506,1,7.51996
257,257,0.00345427,0.00346345,1,7.51996
257,257,0.00313922,0.00314547,1,7.51996
