exp_init,exp_final,time_init,time_final,eps_final,path_len
257,257,0.00305583,0.0030629,1,7.51996
257,257,0.00346318,0.00347074,1,7.51996
257,257,0.00332224,0.0033295,1,7.51996
