exp_init,exp_final,time_init,time_final,eps_final,path_len
198,198,0.00233523,0.00234152,1,7.3235
198,198,0.00292417,0.00293079,1,7.3235
198,198,0.00239736,0.00240385,1,7.3235
