exp_init,exp_final,time_init,time_final,eps_final,path_len
150,150,0.00194719,0.00195227,1,7.40433
150,150,0.00198795,0.00199329,1,7.40433
150,150,0.00183964,0.00184462,1,7.40433
