exp_init,exp_final,time_init,time_final,eps_final,path_len
322,324,0.00376505,0.00380015,1,7.51787
322,324,0.00390669,0.00394294,1,7.51787
322,324,0.00381669,0.00384949,1,7.51787
