exp_init,exp_final,time_init,time_final,eps_final,path_len
198,198,0.00233411,0.00234104,1,7.3235
198,198,0.00249036,0.00249655,1,7.3235
198,198,0.00233232,0.00233822,1,7.3235
