exp_init,exp_final,time_init,time_final,eps_final,path_len
322,325,0.00421932,0.00425849,1,7.51787
322,325,0.00562141,0.00566142,1,7.51787
322,325,0.00843248,0.00847348,1,7.51787
