exp_init,exp_final,time_init,time_final,eps_final,path_len
150,150,0.00212435,0.00212962,1,7.40433
150,150,0.00197091,0.00197629,1,7.40433
150,150,0.0022415,0.00224822,1,7.40433
