exp_init,exp_final,time_init,time_final,eps_final,path_len
153,216,0.00197438,0.0027257,1,6.73536
153,216,0.00186088,0.00255876,1,6.73536
153,216,0.00213872,0.0028745,1,6.73536
