exp_init,exp_final,time_init,time_final,eps_final,path_len
155,233,0.00208372,0.0030912,1,6.73536
155,233,0.00200585,0.00304638,1,6.73536
155,233,0.0019361,0.00292152,1,6.73536
