exp_init,exp_final,time_init,time_final,eps_final,path_len
90,138,0.00117407,0.0017765,1,6.91084
90,138,0.00238019,0.00339883,1,6.91084
90,138,0.00132753,0.00203404,1,6.91084
