exp_init,exp_final,time_init,time_final,eps_final,path_len
578,914,0.00664477,0.0100117,1,6.47576
578,914,0.0067128,0.0102132,1,6.47576
578,914,0.00595842,0.00908616,1,6.47576
