exp_init,exp_final,time_init,time_final,eps_final,path_len
161,240,0.00203066,0.00292786,1,6.61506
161,240,0.00220215,0.00309234,1,6.61506
161,240,0.00299643,0.00400094,1,6.61506
