exp_init,exp_final,time_init,time_final,eps_final,path_len
175,300,0.00213824,0.00362026,1,6.61506
175,300,0.00241097,0.00389637,1,6.61506
175,300,0.00212752,0.00365984,1,6.61506
