exp_init,exp_final,time_init,time_final,eps_final,path_len
614,1224,0.00651007,0.0124764,1,6.47576
614,1224,0.00672822,0.0124791,1,6.47576
614,1224,0.00665913,0.0123373,1,6.47576
