exp_init,exp_final,time_init,time_final,eps_final,path_len
89,132,0.00120599,0.0017288,1,6.91084
89,132,0.00126603,0.0017908,1,6.91084
89,132,0.00119654,0.00171034,1,6.91084
