exp_init,exp_final,time_init,time_final,eps_final,path_len
105,184,0.00138877,0.00235208,1,6.55347
105,184,0.00141593,0.00238628,1,6.55347
105,184,0.00143151,0.00252049,1,6.55347
