exp_init,exp_final,time_init,time_final,eps_final,path_len
105,169,0.00240761,0.00317958,1,6.55347
105,169,0.00139846,0.00213953,1,6.55347
105,169,0.00149026,0.00234455,1,6.55347
